model,prompt_id,category,run_index,correct_tool,args_valid,latency,timestamp
qwen3:14b,p1,should_call,0,True,True,12.719534083036706,1787527938.5545878
qwen3:14b,p1,should_call,1,True,True,16.81867620907724,1787527955.3838358
qwen3:14b,p1,should_call,2,True,True,11.829529791139066,1787527967.217686
qwen3:14b,p1,should_call,3,True,True,10.717411125078797,1787527977.939326
qwen3:14b,p1,should_call,4,True,True,19.37901470786892,1787527997.322484
qwen3:14b,p2,should_call,0,True,True,9.663642292143777,1787528006.9905438
qwen3:14b,p2,should_call,1,True,True,9.461913500213996,1787528016.4567192
qwen3:14b,p2,should_call,2,True,True,9.393220209050924,1787528025.8539069
qwen3:14b,p2,should_call,3,True,True,9.400996875017881,1787528035.258786
qwen3:14b,p2,should_call,4,True,True,10.908134332858026,1787528046.1704981
qwen3:14b,p3,should_call,0,True,True,8.238783082924783,1787528054.413815
qwen3:14b,p3,should_call,1,True,True,11.75098399980925,1787528066.169182
qwen3:14b,p3,should_call,2,True,True,10.262245958903804,1787528076.4339159
qwen3:14b,p3,should_call,3,True,True,10.39909837488085,1787528086.837512
qwen3:14b,p3,should_call,4,True,True,7.003277792129666,1787528093.84527
qwen3:14b,p4,should_not_call,0,False,,34.8106390000321,1787528128.660149
qwen3:14b,p4,should_not_call,1,True,,43.858592540957034,1787528172.522736
qwen3:14b,p4,should_not_call,2,True,,26.376750791911036,1787528198.9035578
qwen3:14b,p4,should_not_call,3,True,,33.44588579121046,1787528232.353951
qwen3:14b,p4,should_not_call,4,True,,43.62464400008321,1787528275.982757
qwen3:14b,p5,should_not_call,0,True,,15.982049250043929,1787528291.969216
qwen3:14b,p5,should_not_call,1,True,,28.916261665988714,1787528320.890226
qwen3:14b,p5,should_not_call,2,False,,16.280336166964844,1787528337.1750789
qwen3:14b,p5,should_not_call,3,False,,14.734666250180453,1787528351.913999
qwen3:14b,p5,should_not_call,4,True,,38.95604829187505,1787528390.874437
qwen3:14b,p6,should_not_call,0,True,,26.040461542084813,1787528416.919296
qwen3:14b,p6,should_not_call,1,True,,21.38091449998319,1787528438.3043048
qwen3:14b,p6,should_not_call,2,True,,21.423919750144705,1787528459.730906
qwen3:14b,p6,should_not_call,3,True,,31.702716167084873,1787528491.438234
qwen3:14b,p6,should_not_call,4,True,,82.34865349996835,1787528573.791014
qwen3:14b,p7,multi_tool,0,True,,50.224379083141685,1787528624.019972
qwen3:14b,p7,multi_tool,1,False,,171.30138245783746,1787528795.326821
qwen3:14b,p7,multi_tool,2,False,,152.61871333396994,1787528947.953182
qwen3:14b,p7,multi_tool,3,False,,164.6684739999473,1787529112.625956
qwen3:14b,p7,multi_tool,4,False,,99.40948016708717,1787529212.039074
qwen3:14b,p8,multi_tool,0,True,,25.74908966687508,1787529237.793526
qwen3:14b,p8,multi_tool,1,True,,27.600990290986374,1787529265.399144
qwen3:14b,p8,multi_tool,2,False,,32.45079858391546,1787529297.854678
qwen3:14b,p8,multi_tool,3,True,,23.29550908296369,1787529321.154251
qwen3:14b,p8,multi_tool,4,True,,26.776067583821714,1787529347.935213
qwen3:14b,p9,should_call,0,True,True,11.938874749932438,1787529359.8792582
qwen3:14b,p9,should_call,1,True,True,11.76951170898974,1787529371.654003
qwen3:14b,p9,should_call,2,True,True,16.293116125045344,1787529387.952214
qwen3:14b,p9,should_call,3,True,True,12.7040615840815,1787529400.661299
qwen3:14b,p9,should_call,4,True,True,10.065695500001311,1787529410.732348
qwen3:14b,p10,ambiguous,0,,,20.749279292067513,1787529431.4870489
qwen3:14b,p10,ambiguous,1,,,30.466281542088836,1787529461.958594
qwen3:14b,p10,ambiguous,2,,,31.871138707967475,1787529493.8338099
qwen3:14b,p10,ambiguous,3,,,27.0774908750318,1787529520.916661
qwen3:14b,p10,ambiguous,4,,,38.1233163329307,1787529559.0428212
qwen3:14b,p11,should_call,0,True,True,47.3736679579597,1787529606.421796
qwen3:14b,p11,should_call,1,True,True,42.0004997078795,1787529648.426835
qwen3:14b,p11,should_call,2,True,True,12.968750833068043,1787529661.4011881
qwen3:14b,p11,should_call,3,False,,20.350886874832213,1787529681.754289
qwen3:14b,p11,should_call,4,True,True,18.998978999909014,1787529700.7592142
qwen3:14b,p12,should_call,0,False,,9.274457917083055,1787529710.038801
qwen3:14b,p12,should_call,1,True,True,24.774727208074182,1787529734.8194501
qwen3:14b,p12,should_call,2,True,True,16.162272917106748,1787529750.986293
qwen3:14b,p12,should_call,3,True,True,10.893669666955248,1787529761.884971
qwen3:14b,p12,should_call,4,True,True,9.095118041848764,1787529770.9849799
qwen3:14b,p13,should_call,0,True,True,9.062704416923225,1787529780.053518
qwen3:14b,p13,should_call,1,True,True,11.76337454188615,1787529791.820225
qwen3:14b,p13,should_call,2,True,True,8.893945917021483,1787529800.720187
qwen3:14b,p13,should_call,3,True,True,9.994980208110064,1787529810.720452
qwen3:14b,p13,should_call,4,True,True,9.983292500022799,1787529820.7095969
qwen3:14b,p14,should_call,0,True,True,14.834467915818095,1787529835.54987
qwen3:14b,p14,should_call,1,True,True,11.85135179082863,1787529847.4065669
qwen3:14b,p14,should_call,2,True,True,14.351105749839917,1787529861.763136
qwen3:14b,p14,should_call,3,True,True,12.481359125114977,1787529874.2499342
qwen3:14b,p14,should_call,4,True,True,20.86835725000128,1787529895.123765
qwen3:14b,p15,should_call,0,True,True,11.669899791944772,1787529906.7986891
qwen3:14b,p15,should_call,1,True,True,15.526424875017256,1787529922.331092
qwen3:14b,p15,should_call,2,True,True,11.456706000026315,1787529933.794066
qwen3:14b,p15,should_call,3,True,True,12.410225792089477,1787529946.210437
qwen3:14b,p15,should_call,4,True,True,19.319459334015846,1787529965.5329962
qwen3:14b,p16,should_call,0,True,True,13.123816624982283,1787529978.6593988
qwen3:14b,p16,should_call,1,True,True,19.95199212501757,1787529998.614104
qwen3:14b,p16,should_call,2,True,True,15.68074524984695,1787530014.2969868
qwen3:14b,p16,should_call,3,True,True,14.836733542149886,1787530029.1366038
qwen3:14b,p16,should_call,4,True,True,10.824573500081897,1787530039.967028
qwen3:14b,p17,should_not_call,0,True,,35.36854662490077,1787530075.3409028
qwen3:14b,p17,should_not_call,1,True,,32.87918645795435,1787530108.225481
qwen3:14b,p17,should_not_call,2,True,,39.332086000125855,1787530147.560912
qwen3:14b,p17,should_not_call,3,True,,57.54416458308697,1787530205.110775
qwen3:14b,p17,should_not_call,4,True,,51.157583500025794,1787530256.276063
qwen3:14b,p18,should_not_call,0,True,,11.28661358403042,1787530267.569315
qwen3:14b,p18,should_not_call,1,True,,11.172007290879264,1787530278.746186
qwen3:14b,p18,should_not_call,2,True,,5.227006040979177,1787530283.979417
qwen3:14b,p18,should_not_call,3,True,,11.454053292050958,1787530295.438122
qwen3:14b,p18,should_not_call,4,True,,11.435747832991183,1787530306.8803499
qwen3:14b,p19,ambiguous,0,,,12.30487879179418,1787530319.191316
qwen3:14b,p19,ambiguous,1,,,23.12220016703941,1787530342.317685
qwen3:14b,p19,ambiguous,2,,,19.90672754100524,1787530362.230769
qwen3:14b,p19,ambiguous,3,,,20.376181750092655,1787530382.608851
qwen3:14b,p19,ambiguous,4,,,13.522120625013486,1787530396.136954
qwen3:14b,p20,multi_tool,0,True,,38.82434624992311,1787530434.967317
qwen3:14b,p20,multi_tool,1,False,,30.651133541949093,1787530465.624974
qwen3:14b,p20,multi_tool,2,False,,23.80845716688782,1787530489.44006
qwen3:14b,p20,multi_tool,3,True,,28.11952062486671,1787530517.5650282
qwen3:14b,p20,multi_tool,4,True,,24.770460500149056,1787530542.340702
